theta_degrees,alpha,central_lhs,beta_c1,is_spectral,beta_less_10,exact_polygon_lhs
-1.800000000000000000e+02,1.647633289734350970e-01,5.770230013430511784e-01,2.237776227211484059e+00,1.000000000000000000e+00,1.000000000000000000e+00,5.755765520948408209e-01
-1.790000000000000000e+02,1.664608132440902610e-01,5.992677276790213670e-01,2.224233081141298030e+00,1.000000000000000000e+00,1.000000000000000000e+00,5.990501093850207903e-01
-1.780000000000000000e+02,1.682454211675943889e-01,6.232516433880879170e-01,2.211557806111811075e+00,1.000000000000000000e+00,1.000000000000000000e+00,6.230197545554267968e-01
-1.770000000000000000e+02,1.701210910560460865e-01,6.477636139742209975e-01,2.199815342977686772e+00,1.000000000000000000e+00,1.000000000000000000e+00,6.475164640761008616e-01
-1.760000000000000000e+02,1.720920658486582155e-01,6.690540870497374559e-01,2.189073224472146695e+00,1.000000000000000000e+00,1.000000000000000000e+00,6.725732490908206129e-01
-1.750000000000000000e+02,1.741401968604653350e-01,6.905728280616439951e-01,2.179412867016313982e+00,1.000000000000000000e+00,1.000000000000000000e+00,6.899520141409769547e-01
-1.740000000000000000e+02,1.762898091814872892e-01,7.163240378164114075e-01,2.170892722706061484e+00,1.000000000000000000e+00,1.000000000000000000e+00,7.160303450779356149e-01
-1.730000000000000000e+02,1.785482223385002065e-01,7.430822914157306780e-01,2.163586884689160161e+00,1.000000000000000000e+00,1.000000000000000000e+00,7.427687990035383159e-01
-1.720000000000000000e+02,1.809210760325894451e-01,7.678232135960860738e-01,2.157574032115682883e+00,1.000000000000000000e+00,1.000000000000000000e+00,7.702096923718430022e-01
-1.710000000000000000e+02,1.833972846319937844e-01,7.918370412738918729e-01,2.152936516894867758e+00,1.000000000000000000e+00,1.000000000000000000e+00,7.900933812455674943e-01
-1.700000000000000000e+02,1.859902369542069112e-01,8.192164481309706092e-01,2.149754262653483128e+00,1.000000000000000000e+00,1.000000000000000000e+00,8.188411925486851484e-01
-1.690000000000000000e+02,1.887158704894345840e-01,8.488242703457374860e-01,2.148115727146540088e+00,1.000000000000000000e+00,1.000000000000000000e+00,8.484227005062329185e-01
-1.680000000000000000e+02,1.915818045158029503e-01,8.754322932002284174e-01,2.148115761661904433e+00,1.000000000000000000e+00,1.000000000000000000e+00,8.788935400922960328e-01
-1.670000000000000000e+02,1.945702946682490997e-01,9.024341156813117104e-01,2.149838080237884697e+00,1.000000000000000000e+00,1.000000000000000000e+00,9.014655803621982599e-01
-1.660000000000000000e+02,1.977109425884144567e-01,9.340962524974151249e-01,2.153393129614098456e+00,1.000000000000000000e+00,1.000000000000000000e+00,9.336111476239618012e-01
-1.650000000000000000e+02,2.010168794645132428e-01,9.649888791377457808e-01,2.158896477074487397e+00,1.000000000000000000e+00,1.000000000000000000e+00,9.668217753335728304e-01
-1.640000000000000000e+02,2.044820889049747126e-01,9.949812354429888872e-01,2.166450590675967458e+00,1.000000000000000000e+00,1.000000000000000000e+00,9.925299043620625650e-01
-1.630000000000000000e+02,2.081188280957620707e-01,1.028383050706957125e+00,2.176180366188713577e+00,1.000000000000000000e+00,1.000000000000000000e+00,1.027791115223342322e+00
-1.620000000000000000e+02,2.119530013234996457e-01,1.062244651994025402e+00,2.188246278927981958e+00,1.000000000000000000e+00,1.000000000000000000e+00,1.064340621893444583e+00
-1.610000000000000000e+02,2.159779040711072573e-01,1.095517424534478534e+00,2.202770359231285724e+00,1.000000000000000000e+00,1.000000000000000000e+00,1.093017413714167496e+00
-1.600000000000000000e+02,2.202121631408306968e-01,1.132800662897588184e+00,2.219927802185167387e+00,1.000000000000000000e+00,1.000000000000000000e+00,1.132070908477264881e+00
-1.590000000000000000e+02,2.246855780570100602e-01,1.168979246206840017e+00,2.239946734344798518e+00,1.000000000000000000e+00,1.000000000000000000e+00,1.172698939773946458e+00
-1.580000000000000000e+02,2.293804746605530298e-01,1.206675183606653601e+00,2.262958670624229729e+00,1.000000000000000000e+00,1.000000000000000000e+00,1.205676497606870123e+00
-1.570000000000000000e+02,2.343472923657788365e-01,1.247195215639400834e+00,2.289301139016599596e+00,1.000000000000000000e+00,1.000000000000000000e+00,1.249425933140481337e+00
-1.560000000000000000e+02,2.395828603971817405e-01,1.287927741224469846e+00,2.319198005876322188e+00,1.000000000000000000e+00,1.000000000000000000e+00,1.285223974366132671e+00
-1.550000000000000000e+02,2.451182571680636246e-01,1.330819763085361762e+00,2.353022116585272716e+00,1.000000000000000000e+00,1.000000000000000000e+00,1.332573551835008363e+00
-1.540000000000000000e+02,2.509696754018651554e-01,1.375296391412181629e+00,2.391151945032898851e+00,1.000000000000000000e+00,1.000000000000000000e+00,1.371980920256262504e+00
-1.530000000000000000e+02,2.571665333890115201e-01,1.420852614037626083e+00,2.434090614374716743e+00,1.000000000000000000e+00,1.000000000000000000e+00,1.423526623604698615e+00
-1.520000000000000000e+02,2.637243929155815292e-01,1.469150905649812433e+00,2.482365857515439256e+00,1.000000000000000000e+00,1.000000000000000000e+00,1.466460468905320669e+00
-1.510000000000000000e+02,2.706911222500604230e-01,1.518137050381519915e+00,2.536793691244314086e+00,1.000000000000000000e+00,1.000000000000000000e+00,1.511577562754608195e+00
-1.500000000000000000e+02,2.780691221570552041e-01,1.568470707129117958e+00,2.598086620735168051e+00,1.000000000000000000e+00,1.000000000000000000e+00,1.570468955596290739e+00
-1.490000000000000000e+02,2.859153944867568464e-01,1.622730404259328241e+00,2.667490173600913117e+00,1.000000000000000000e+00,1.000000000000000000e+00,1.620657768158981993e+00
-1.480000000000000000e+02,2.942645071443045213e-01,1.677991927702258801e+00,2.746412194615302393e+00,1.000000000000000000e+00,1.000000000000000000e+00,1.673201839356635245e+00
-1.470000000000000000e+02,3.031513400238861067e-01,1.733827998462953657e+00,2.836647003724991123e+00,1.000000000000000000e+00,1.000000000000000000e+00,1.727607780400324033e+00
-1.460000000000000000e+02,3.126118369327041679e-01,1.790100072787737640e+00,2.940530342047705581e+00,1.000000000000000000e+00,1.000000000000000000e+00,1.784339555743632344e+00
-1.450000000000000000e+02,3.226852909292845517e-01,1.846631932808111110e+00,3.061195267815947307e+00,1.000000000000000000e+00,1.000000000000000000e+00,1.842821945557881591e+00
-1.440000000000000000e+02,3.334120064230742253e-01,1.902317177205460341e+00,3.202919648740005787e+00,1.000000000000000000e+00,1.000000000000000000e+00,1.904071974128525913e+00
-1.430000000000000000e+02,3.448249805292953885e-01,1.957177434019029771e+00,3.371589069696242724e+00,1.000000000000000000e+00,1.000000000000000000e+00,1.949881970776306872e+00
-1.420000000000000000e+02,3.569698906621355805e-01,2.013304511446620371e+00,3.575988578970100917e+00,1.000000000000000000e+00,1.000000000000000000e+00,2.005193797496347408e+00
-1.410000000000000000e+02,3.699119624127196748e-01,2.066387940445360893e+00,3.830022465945476462e+00,1.000000000000000000e+00,1.000000000000000000e+00,2.069659979718889709e+00
-1.400000000000000000e+02,3.836518426192283560e-01,2.088146331061206062e+00,4.154525629128492881e+00,1.000000000000000000e+00,1.000000000000000000e+00,2.095000361894701957e+00
-1.390000000000000000e+02,3.978763672738942492e-01,2.107366509242396102e+00,4.572841317402528638e+00,0.000000000000000000e+00,1.000000000000000000e+00,2.078938076306892313e+00
-1.380000000000000000e+02,4.129200134456880722e-01,2.073902669420554012e+00,5.157618577572621099e+00,1.000000000000000000e+00,1.000000000000000000e+00,2.173690563739420600e+00
-1.370000000000000000e+02,4.277688279549345385e-01,1.834685271038405618e+00,5.963996635118477663e+00,1.000000000000000000e+00,1.000000000000000000e+00,1.871708326051773730e+00
-1.360000000000000000e+02,4.403154402896175545e-01,7.644110361324383263e-01,6.922138026731798455e+00,1.000000000000000000e+00,1.000000000000000000e+00,1.317824959053522482e+00
-1.350000000000000000e+02,4.395177555303084183e-01,5.929244404086516651e-01,6.659663207531113294e+00,0.000000000000000000e+00,1.000000000000000000e+00,1.111466031765218965e+00
-1.340000000000000000e+02,4.312187556310914660e-01,1.073839610290495017e+00,6.014173079389874665e+00,0.000000000000000000e+00,1.000000000000000000e+00,1.073190310961182892e+00
-1.330000000000000000e+02,4.233539199238441353e-01,1.036924643299553361e+00,5.622203476144612466e+00,0.000000000000000000e+00,1.000000000000000000e+00,1.036322229441362985e+00
-1.319999999999999716e+02,4.158952495670447669e-01,1.001323906053151802e+00,5.337825675998007391e+00,0.000000000000000000e+00,1.000000000000000000e+00,1.000764267816286468e+00
-1.310000000000000000e+02,4.088172172436637664e-01,9.669477902910144085e-01,5.110339185237576132e+00,0.000000000000000000e+00,1.000000000000000000e+00,9.664272598466058239e-01
-1.300000000000000000e+02,4.020965052893297753e-01,9.337142031293246269e-01,4.917278436667213093e+00,0.000000000000000000e+00,1.000000000000000000e+00,9.332294993021579277e-01
-1.290000000000000000e+02,3.957117766262937542e-01,9.015477774848877912e-01,4.747069242358663566e+00,0.000000000000000000e+00,1.000000000000000000e+00,9.010959583186612942e-01
-1.280000000000000000e+02,3.896434738174192058e-01,8.703791793228722318e-01,4.593095195688730925e+00,0.000000000000000000e+00,1.000000000000000000e+00,8.699576013069425517e-01
-1.269999999999999858e+02,3.838736423046450463e-01,8.401444981100303355e-01,4.451274385562996372e+00,0.000000000000000000e+00,1.000000000000000000e+00,8.397507810212784252e-01
-1.260000000000000000e+02,3.783857745141723794e-01,8.107847089998404533e-01,4.318938247297557709e+00,0.000000000000000000e+00,1.000000000000000000e+00,8.104167054946939119e-01
-1.250000000000000142e+02,3.731646720214463198e-01,7.822451970476926864e-01,4.194261990183965061e+00,0.000000000000000000e+00,1.000000000000000000e+00,7.819009662863135590e-01
-1.240000000000000000e+02,3.681963233930822810e-01,7.544753352233771748e-01,4.075953261318618459e+00,0.000000000000000000e+00,1.000000000000000000e+00,7.541531199280759878e-01
-1.229999999999999858e+02,3.634677956762494833e-01,7.274281092121148706e-01,3.963071605855887913e+00,0.000000000000000000e+00,1.000000000000000000e+00,7.271263156597123078e-01
-1.220000000000000000e+02,3.589671378015711345e-01,7.010597830171242384e-01,3.854918537798703415e+00,0.000000000000000000e+00,1.000000000000000000e+00,7.007769635457857804e-01
-1.210000000000000000e+02,3.546832944136394938e-01,6.753296002344005844e-01,3.750967801320874262e+00,0.000000000000000000e+00,1.000000000000000000e+00,6.750644379118587723e-01
-1.200000000000000142e+02,3.506060288521242740e-01,6.501995165921035102e-01,3.650819553990223287e+00,0.000000000000000000e+00,1.000000000000000000e+00,6.499508117468562052e-01
-1.190000000000000000e+02,3.467258541829196239e-01,6.256339599555685860e-01,3.554169344444010115e+00,0.000000000000000000e+00,1.000000000000000000e+00,6.254006183184159795e-01
-1.179999999999999858e+02,3.430339713283442893e-01,6.015996145148990726e-01,3.460786547439949512e+00,0.000000000000000000e+00,1.000000000000000000e+00,6.013806367561798094e-01
-1.170000000000000000e+02,3.395222134725414120e-01,5.780652263102955546e-01,3.370499020226047193e+00,0.000000000000000000e+00,1.000000000000000000e+00,5.778596987897902659e-01
-1.160000000000000142e+02,3.361829960266272121e-01,5.550014276231224342e-01,3.283181953387169560e+00,0.000000000000000000e+00,1.000000000000000000e+00,5.548085141963888800e-01
-1.150000000000000000e+02,3.330092715308127227e-01,5.323805780795456410e-01,3.198749608446279868e+00,0.000000000000000000e+00,1.000000000000000000e+00,5.321995128269044750e-01
-1.140000000000000000e+02,3.299944889501874035e-01,5.101766205868482063e-01,3.117149074551499144e+00,0.000000000000000000e+00,1.000000000000000000e+00,5.100067013498893465e-01
-1.130000000000000000e+02,3.271325568891539914e-01,4.883649504565265587e-01,3.038355452630988385e+00,0.000000000000000000e+00,1.000000000000000000e+00,4.882055330831279183e-01
-1.119999999999999858e+02,3.244178103083893427e-01,4.669222962699512980e-01,2.962368052322244871e+00,0.000000000000000000e+00,1.000000000000000000e+00,4.667727894825671187e-01
-1.110000000000000000e+02,3.218449803790734975e-01,4.458266112169160800e-01,2.889207302505349961e+00,0.000000000000000000e+00,1.000000000000000000e+00,4.456864720301300098e-01
-1.100000000000000000e+02,3.194091671532049426e-01,4.250569737874080878e-01,2.818912152987302910e+00,0.000000000000000000e+00,1.000000000000000000e+00,4.249257034107724595e-01
-1.090000000000000000e+02,3.171058147670898775e-01,4.045934968275398669e-01,2.751537796748079856e+00,0.000000000000000000e+00,1.000000000000000000e+00,4.044706369981210248e-01
-1.080000000000000000e+02,3.149306889284111399e-01,3.844172440837625992e-01,2.687153578076610039e+00,0.000000000000000000e+00,1.000000000000000000e+00,3.843023737800437267e-01
-1.070000000000000000e+02,3.128798564663526349e-01,3.645101534580078573e-01,2.625840977812947230e+00,0.000000000000000000e+00,1.000000000000000000e+00,3.644028859529837017e-01
-1.060000000000000000e+02,3.109496667496857714e-01,3.448549662821372985e-01,2.567691586883219745e+00,0.000000000000000000e+00,1.000000000000000000e+00,3.447549464988509671e-01
-1.050000000000000000e+02,3.091367348000204629e-01,3.254351619951306729e-01,2.512804996359973231e+00,0.000000000000000000e+00,1.000000000000000000e+00,3.253420641324456519e-01
-1.040000000000000000e+02,3.074379259470209069e-01,3.062348976717105264e-01,2.461286548654284090e+00,0.000000000000000000e+00,1.000000000000000000e+00,3.061484230722492650e-01
-1.029999999999999858e+02,3.058503418896563741e-01,2.872389519087024112e-01,2.413244911833795303e+00,0.000000000000000000e+00,1.000000000000000000e+00,2.871588271442016005e-01
-1.020000000000000000e+02,3.043713080428088191e-01,2.684326726253422613e-01,2.368789458618063115e+00,0.000000000000000000e+00,1.000000000000000000e+00,2.683586477778464596e-01
-1.010000000000000000e+02,3.029983620620759766e-01,2.498019283779421562e-01,2.328027453894356835e+00,0.000000000000000000e+00,1.000000000000000000e+00,2.497337754978801172e-01
-1.000000000000000000e+02,3.017292434516051225e-01,2.313330628280200751e-01,2.291061079486944596e+00,0.000000000000000000e+00,1.000000000000000000e+00,2.312705745524524514e-01
-9.900000000000000000e+01,3.005618841704887356e-01,2.130128520367350065e-01,2.257984351453153238e+00,0.000000000000000000e+00,1.000000000000000000e+00,2.129558403531990329e-01
-9.800000000000000000e+01,2.994944001628050412e-01,1.948284642884313966e-01,2.228880011565663288e+00,0.000000000000000000e+00,1.000000000000000000e+00,1.947767594315104878e-01
-9.700000000000000000e+01,2.985250837449571759e-01,1.767674221719873762e-01,2.203816498294971282e+00,0.000000000000000000e+00,1.000000000000000000e+00,1.767208716414434833e-01
-9.600000000000000000e+01,2.976523967916763214e-01,1.588175666717557555e-01,2.182845120443812625e+00,0.000000000000000000e+00,1.000000000000000000e+00,1.587760343623708659e-01
-9.500000000000000000e+01,2.968749646690250210e-01,1.409670230397830071e-01,2.165997565474369058e+00,0.000000000000000000e+00,1.000000000000000000e+00,1.409303884743104696e-01
-9.399999999999998579e+01,2.961915708690661675e-01,1.232041682383250986e-01,2.153283871938694638e+00,0.000000000000000000e+00,1.000000000000000000e+00,1.231723258961779782e-01
-9.300000000000000000e+01,2.956011523066399693e-01,1.055175997570002300e-01,2.144690979907357686e+00,0.000000000000000000e+00,1.000000000000000000e+00,1.054904584922304461e-01
-9.200000000000000000e+01,2.951027952439896906e-01,8.789610562183734765e-02,2.140181945243798012e+00,0.000000000000000000e+00,1.000000000000000000e+00,8.787358816493399949e-02
-9.100000000000000000e+01,2.946957318138742621e-01,7.032863542475116525e-02,2.139695865278349984e+00,0.000000000000000000e+00,1.000000000000000000e+00,7.031067796359870281e-02
-9.000000000000000000e+01,2.943793371163544448e-01,5.280427221140961136e-02,2.143148518918537082e+00,0.000000000000000000e+00,1.000000000000000000e+00,5.279082404751337526e-02
-8.900000000000000000e+01,2.941531268687069822e-01,3.531220507326107011e-02,2.150433678637612811e+00,0.000000000000000000e+00,1.000000000000000000e+00,3.530322835015066441e-02
-8.800000000000000000e+01,2.940167555919488973e-01,1.784170229612451475e-02,2.161425010483058795e+00,0.000000000000000000e+00,1.000000000000000000e+00,1.783717179737686828e-02
-8.700000000000000000e+01,2.939700153212972400e-01,3.820849224512763167e-04,2.175978445871204592e+00,0.000000000000000000e+00,1.000000000000000000e+00,3.819879375999846584e-04
-8.600000000000000000e+01,2.940128348315905749e-01,1.707729941157744638e-02,2.193934888587780296e+00,0.000000000000000000e+00,1.000000000000000000e+00,1.707296315451442906e-02
-8.499999999999998579e+01,2.941452793722948988e-01,3.454710250074002204e-02,2.215123113257957410e+00,0.000000000000000000e+00,1.000000000000000000e+00,3.453832083668541969e-02
-8.399999999999998579e+01,2.943675509102596233e-01,5.203800159244897916e-02,2.239362716819791377e+00,0.000000000000000000e+00,1.000000000000000000e+00,5.202474985471533531e-02
-8.300000000000000000e+01,2.946799888819032209e-01,6.956072554077739889e-02,2.266466999940030647e+00,0.000000000000000000e+00,1.000000000000000000e+00,6.954296642991740496e-02
-8.200000000000000000e+01,2.950830714600513605e-01,8.712608122931157772e-02,2.296245677652304362e+00,0.000000000000000000e+00,1.000000000000000000e+00,8.710376461412001892e-02
-8.100000000000000000e+01,2.955774173442405894e-01,1.047449804014591590e-01,2.328507344335630780e+00,0.000000000000000000e+00,1.000000000000000000e+00,1.047180430504825732e-01
-8.000000000000000000e+01,2.961637880869982808e-01,1.224284670409893638e-01,2.363061644365811453e+00,0.000000000000000000e+00,1.000000000000000000e+00,1.223968322820040977e-01
-7.900000000000000000e+01,2.968430909724443789e-01,1.401877454502355180e-01,2.399721123927628597e+00,0.000000000000000000e+00,1.000000000000000000e+00,1.401513227545404250e-01
-7.800000000000000000e+01,2.976163824675810421e-01,1.580342091796737847e-01,2.438302759972820866e+00,0.000000000000000000e+00,1.000000000000000000e+00,1.579928936674543649e-01
-7.700000000000000000e+01,2.984848722708885460e-01,1.759794709707129257e-01,2.478629178361114516e+00,0.000000000000000000e+00,1.000000000000000000e+00,1.759331428327868541e-01
-7.599999999999998579e+01,2.994499279873866771e-01,1.940353938826272218e-01,2.520529584714284788e+00,0.000000000000000000e+00,1.000000000000000000e+00,1.939839177131642278e-01
-7.499999999999998579e+01,3.005130804641950037e-01,2.122141237858150842e-01,2.563840438809990463e+00,0.000000000000000000e+00,1.000000000000000000e+00,2.121573478196820961e-01
-7.400000000000000000e+01,3.016760298259112405e-01,2.305281234166616511e-01,2.608405907089892395e+00,0.000000000000000000e+00,1.000000000000000000e+00,2.304658786638900114e-01
-7.300000000000000000e+01,3.029406522548773184e-01,2.489902082039294196e-01,2.654078128820914984e+00,0.000000000000000000e+00,1.000000000000000000e+00,2.489223074729309537e-01
-7.200000000000000000e+01,3.043090075677064577e-01,2.676135840943602018e-01,2.700717330392557791e+00,0.000000000000000000e+00,1.000000000000000000e+00,2.675398208940812372e-01
-7.100000000000000000e+01,3.057833476463868161e-01,2.864118876248657464e-01,2.748191819841816486e+00,0.000000000000000000e+00,1.000000000000000000e+00,2.863320349346755722e-01
-7.000000000000000000e+01,3.073661257899537036e-01,3.053992285113272809e-01,2.796377890538583877e+00,0.000000000000000000e+00,1.000000000000000000e+00,3.053130374059477847e-01
-6.900000000000000000e+01,3.090600070612511963e-01,3.245902350502084532e-01,2.845159659479771008e+00,0.000000000000000000e+00,1.000000000000000000e+00,3.244974331650812283e-01
-6.800000000000000000e+01,3.108678797128137661e-01,3.440001026584526000e-01,2.894428862151473325e+00,0.000000000000000000e+00,1.000000000000000000e+00,3.439003924791108613e-01
-6.699999999999998579e+01,3.127928677865339790e-01,3.636446459113304441e-01,2.944084622644983718e+00,0.000000000000000000e+00,1.000000000000000000e+00,3.635377028677627131e-01
-6.599999999999998579e+01,3.148383449937286471e-01,3.835403544758683170e-01,2.994033214792736874e+00,0.000000000000000000e+00,1.000000000000000000e+00,3.834258248204163722e-01
-6.500000000000000000e+01,3.170079499956491853e-01,4.037044533814296288e-01,3.044187827602554908e+00,0.000000000000000000e+00,1.000000000000000000e+00,4.035819518257698357e-01
-6.399999999999998579e+01,3.193056032196627259e-01,4.241549681191645882e-01,3.094468346249686697e+00,0.000000000000000000e+00,1.000000000000000000e+00,4.240240752022755855e-01
-6.300000000000000000e+01,3.217355253634991974e-01,4.449107951186000998e-01,3.144801158347240833e+00,0.000000000000000000e+00,1.000000000000000000e+00,4.447710542738594341e-01
-6.199999999999998579e+01,3.243022577594509848e-01,4.659917782151435373e-01,3.195118994155358827e+00,0.000000000000000000e+00,1.000000000000000000e+00,4.658426924999327090e-01
-6.100000000000000000e+01,3.270106847925809412e-01,4.874187917965777661e-01,3.245360808803567476e+00,0.000000000000000000e+00,1.000000000000000000e+00,4.872598202424301417e-01
-6.000000000000000711e+01,3.298660585922776889e-01,5.092138314017113920e-01,3.295471714491292392e+00,0.000000000000000000e+00,1.000000000000000000e+00,5.090443849370898111e-01
-5.899999999999999289e+01,3.328740262453943055e-01,5.314001126426370902e-01,3.345402971012782167e+00,0.000000000000000000e+00,1.000000000000000000e+00,5.312195495330552797e-01
-5.800000000000000711e+01,3.360406598123281685e-01,5.540021794344991424e-01,3.395112043859535689e+00,0.000000000000000000e+00,1.000000000000000000e+00,5.538098001762278288e-01
-5.699999999999999289e+01,3.393724894654340796e-01,5.770460226458372643e-01,3.444562740647217680e+00,0.000000000000000000e+00,1.000000000000000000e+00,5.768410642399790511e-01
-5.600000000000000000e+01,3.428765401129611479e-01,6.005592104327170944e-01,3.493725438793203075e+00,0.000000000000000000e+00,1.000000000000000000e+00,6.003408399546711349e-01
-5.499999999999998579e+01,3.465603719222605794e-01,6.245710316923508421e-01,3.542577420382251319e+00,0.000000000000000000e+00,1.000000000000000000e+00,6.243383390583900905e-01
-5.400000000000000000e+01,3.504321252145042309e-01,6.491126542726124438e-01,3.591103334213506582e+00,0.000000000000000000e+00,1.000000000000000000e+00,6.488646440892872347e-01
-5.299999999999998579e+01,3.545005702710217199e-01,6.742172998065089073e-01,3.639295810424577837e+00,0.000000000000000000e+00,1.000000000000000000e+00,6.739528821699084515e-01
-5.200000000000000000e+01,3.587751626702883057e-01,6.999204373118582678e-01,3.687156260265059604e+00,0.000000000000000000e+00,1.000000000000000000e+00,6.996384174015197743e-01
-5.100000000000000711e+01,3.632661048666540049e-01,7.262599980130797217e-01,3.734695903147235096e+00,0.000000000000000000e+00,1.000000000000000000e+00,7.259590642988412723e-01
-4.999999999999999289e+01,3.679844148295485229e-01,7.532766142123006325e-01,3.781937075894294953e+00,0.000000000000000000e+00,1.000000000000000000e+00,7.529553250610367954e-01
-4.900000000000000711e+01,3.729420026881473116e-01,7.810138854724300028e-01,3.828914896365777309e+00,0.000000000000000000e+00,1.000000000000000000e+00,7.806706539036223358e-01
-4.799999999999999289e+01,3.781517564749775073e-01,8.095186758862910059e-01,3.875679377142691617e+00,0.000000000000000000e+00,1.000000000000000000e+00,8.091517521804613144e-01
-4.700000000000000000e+01,3.836276382371253124e-01,8.388414468109164357e-01,3.922298117299487075e+00,0.000000000000000000e+00,1.000000000000000000e+00,8.384488986203580962e-01
-4.599999999999998579e+01,3.893847919910405353e-01,8.690366301621466061e-01,3.968859745326436705e+00,0.000000000000000000e+00,1.000000000000000000e+00,8.686163197075200681e-01
-4.500000000000000000e+01,3.954396652430941517e-01,9.001630482154411306e-01,4.015478349780474687e+00,0.000000000000000000e+00,1.000000000000000000e+00,8.997126060720095353e-01
-4.399999999999998579e+01,4.018101460913103828e-01,9.322843868731967021e-01,4.062299225071782871e+00,0.000000000000000000e+00,1.000000000000000000e+00,9.318011817534669339e-01
-4.300000000000000000e+01,4.085157182742824022e-01,9.654697305731121393e-01,4.109506391666497116e+00,0.000000000000000000e+00,1.000000000000000000e+00,9.649508343935235821e-01
-4.200000000000000711e+01,4.155776369539522785e-01,9.997941684690685449e-01,4.157332544640730987e+00,0.000000000000000000e+00,1.000000000000000000e+00,9.992363158429355963e-01
-4.099999999999999289e+01,4.230191285255679445e-01,1.035339483273273409e+00,4.206072377093416748e+00,0.000000000000000000e+00,1.000000000000000000e+00,1.034739024392506090e+00
-4.000000000000000711e+01,4.308656183607632584e-01,1.072194936275367327e+00,4.256100673511540755e+00,0.000000000000000000e+00,1.000000000000000000e+00,1.071547781920493492e+00
-3.899999999999999289e+01,4.391449911335139067e-01,1.110458164636958678e+00,4.307897271276494244e+00,0.000000000000000000e+00,1.000000000000000000e+00,1.109759721779112196e+00
-3.800000000000000000e+01,4.478878892857025007e-01,1.150236210215801913e+00,4.362082117793335101e+00,0.000000000000000000e+00,1.000000000000000000e+00,1.149481306327680752e+00
-3.699999999999998579e+01,4.571280562999773811e-01,1.191646703040297517e+00,4.419465514906418591e+00,0.000000000000000000e+00,1.000000000000000000e+00,1.190829496798837317e+00
-3.600000000000000000e+01,4.669027328147170031e-01,1.234819227320084201e+00,4.481121816002143099e+00,0.000000000000000000e+00,1.000000000000000000e+00,1.233933102834523510e+00
-3.499999999999998579e+01,4.772531153066800758e-01,1.279896903777994144e+00,4.548500437310711852e+00,0.000000000000000000e+00,1.000000000000000000e+00,1.278934344779700139e+00
-3.400000000000000000e+01,4.882248891686575276e-01,1.327038229431783511e+00,4.623598317588297313e+00,0.000000000000000000e+00,1.000000000000000000e+00,1.325990668971004371e+00
-3.300000000000000711e+01,4.998688506363292983e-01,1.376419225144043468e+00,4.709237719645305020e+00,0.000000000000000000e+00,1.000000000000000000e+00,1.375276865193239217e+00
-3.199999999999999289e+01,5.122416353204191086e-01,1.428235952827280331e+00,4.809533421315856927e+00,0.000000000000000000e+00,1.000000000000000000e+00,1.426987546708452959e+00
-3.100000000000000711e+01,5.254065752756325036e-01,1.482707478844478066e+00,4.930720487293100085e+00,0.000000000000000000e+00,1.000000000000000000e+00,1.481340067465629184e+00
-2.999999999999999289e+01,5.394347118512086148e-01,1.540079378821921585e+00,5.082718735327452109e+00,0.000000000000000000e+00,1.000000000000000000e+00,1.538577969173277271e+00
-2.900000000000000355e+01,5.544059983746096876e-01,1.600627903063867929e+00,5.282342868708384209e+00,0.000000000000000000e+00,1.000000000000000000e+00,1.598975074071418145e+00
-2.799999999999998934e+01,5.704107355013192659e-01,1.664664952746975679e+00,5.560646130162497869e+00,0.000000000000000000e+00,1.000000000000000000e+00,1.662840369111242111e+00
-2.700000000000000000e+01,5.875512934776412344e-01,1.732544057440243757e+00,5.982477975853201180e+00,0.000000000000000000e+00,1.000000000000000000e+00,1.730523866077348316e+00
-2.599999999999998579e+01,6.059441905169224984e-01,1.804667597509049592e+00,6.712153126716223994e+00,0.000000000000000000e+00,1.000000000000000000e+00,1.802423673054925013e+00
-2.499999999999999645e+01,6.257226162458411345e-01,1.881495585186232056e+00,8.347979105581750048e+00,0.000000000000000000e+00,1.000000000000000000e+00,1.878994579848939805e+00
-2.400000000000000711e+01,6.470395155137285137e-01,1.539377169769886589e-01,1.828664064545442258e+01,0.000000000000000000e+00,0.000000000000000000e+00,1.960758549550804197e+00
-2.299999999999999289e+01,6.291994442655851616e-01,1.994500486222248625e+00,inf,0.000000000000000000e+00,0.000000000000000000e+00,2.475086853416296861e+00
-2.200000000000000711e+01,6.032338946396137436e-01,2.360441970777438225e+00,inf,0.000000000000000000e+00,0.000000000000000000e+00,2.355852365823754901e+00
-2.099999999999999289e+01,5.794960065881987754e-01,2.250065404253805301e+00,inf,0.000000000000000000e+00,0.000000000000000000e+00,2.246036773904216410e+00
-2.000000000000000355e+01,5.577190617004922357e-01,2.148061247720105982e+00,inf,0.000000000000000000e+00,0.000000000000000000e+00,2.144506920509560377e+00
-1.899999999999998934e+01,5.376774044595689084e-01,2.053454456302537423e+00,inf,0.000000000000000000e+00,0.000000000000000000e+00,2.050303841579296460e+00
-1.800000000000000000e+01,5.191788386116839016e-01,1.965415366623568749e+00,inf,0.000000000000000000e+00,0.000000000000000000e+00,1.962610505505151925e+00
-1.699999999999998579e+01,5.020586529178364676e-01,1.883233516034549471e+00,inf,0.000000000000000000e+00,0.000000000000000000e+00,1.880726465346332477e+00
-1.599999999999999645e+01,4.861748829896422319e-01,1.806296928280136438e+00,inf,0.000000000000000000e+00,0.000000000000000000e+00,1.804047755271424469e+00
-1.500000000000000888e+01,4.714045207910318447e-01,1.734075577410751468e+00,inf,0.000000000000000000e+00,0.000000000000000000e+00,1.732050807568878970e+00
-1.399999999999999467e+01,4.576404578179557592e-01,1.666261991737581605e+00,inf,0.000000000000000000e+00,0.000000000000000000e+00,1.664279482350518036e+00
-1.300000000000000533e+01,4.447865427401587191e-01,1.602394926085108917e+00,8.835259051262748926e+02,0.000000000000000000e+00,0.000000000000000000e+00,1.600843921284839544e+00
-1.199999999999999112e+01,4.327617073991738006e-01,1.541852886588187532e+00,5.455932391111683728e+02,0.000000000000000000e+00,0.000000000000000000e+00,1.540347189631777303e+00
-1.100000000000000355e+01,4.214949532573454283e-01,1.484389628133463646e+00,4.293180564070984246e+02,0.000000000000000000e+00,0.000000000000000000e+00,1.483018415871584672e+00
-9.999999999999989342e+00,4.109219578663850792e-01,1.429834583094339084e+00,3.653833657072084407e+02,0.000000000000000000e+00,0.000000000000000000e+00,1.428582795638002390e+00
-9.000000000000000000e+00,4.009855743361270819e-01,1.377941317561058421e+00,3.233457808606902972e+02,0.000000000000000000e+00,0.000000000000000000e+00,1.376795939650717226e+00
-7.999999999999985789e+00,3.916348621912999484e-01,1.328490021879636496e+00,2.928697695011090332e+02,0.000000000000000000e+00,0.000000000000000000e+00,1.327439759432923916e+00
-6.999999999999997335e+00,3.828242713199929703e-01,1.281283987842433802e+00,2.693534495923858572e+02,0.000000000000000000e+00,0.000000000000000000e+00,1.280319002636880477e+00
-6.000000000000008882e+00,3.745129515316236168e-01,1.236146630496589349e+00,2.503980137818156493e+02,0.000000000000000000e+00,0.000000000000000000e+00,1.235258321349856026e+00
-4.999999999999994671e+00,3.666641657398797549e-01,1.192918958715964095e+00,2.346153090368040637e+02,0.000000000000000000e+00,0.000000000000000000e+00,1.192099780082843230e+00
-4.000000000000005329e+00,3.592447890767257457e-01,1.151457417499895941e+00,2.211396635827268824e+02,0.000000000000000000e+00,0.000000000000000000e+00,1.150700728352004765e+00
-2.999999999999991562e+00,3.522248796145855954e-01,1.111632039719218756e+00,2.093999680834278365e+02,0.000000000000000000e+00,0.000000000000000000e+00,1.110931977068036591e+00
-2.000000000000002665e+00,3.455773090391632274e-01,1.073324856681053374e+00,1.990025092441034360e+02,0.000000000000000000e+00,0.000000000000000000e+00,1.072676229259190928e+00
-9.999999999999886757e-01,3.392774437354038608e-01,1.036428526136949912e+00,1.896661154004311811e+02,0.000000000000000000e+00,0.000000000000000000e+00,1.035826724650163566e+00
0.000000000000000000e+00,3.333028684450909385e-01,1.000850006161431605e+00,1.811840864398058386e+02,0.000000000000000000e+00,0.000000000000000000e+00,1.000286064815992582e+00
1.000000000000014211e+00,3.276330894471189970e-01,9.665035638490628855e-01,1.732455374667154615e+02,1.000000000000000000e+00,0.000000000000000000e+00,9.659823923275666635e-01
2.000000000000002665e+00,3.222493998902834500e-01,9.333035441906766261e-01,1.656682760366527702e+02,1.000000000000000000e+00,0.000000000000000000e+00,9.328255657279591606e-01
2.999999999999991562e+00,3.171347068581449324e-01,9.011718512557297389e-01,1.583849419491717470e+02,1.000000000000000000e+00,0.000000000000000000e+00,9.007324201110276096e-01
4.000000000000005329e+00,3.122733467392291851e-01,8.700389231362902764e-01,1.513557368650285184e+02,1.000000000000000000e+00,0.000000000000000000e+00,8.696051252371147511e-01
4.999999999999994671e+00,3.076509379442712855e-01,8.398373652473440920e-01,1.445491613506419242e+02,1.000000000000000000e+00,0.000000000000000000e+00,8.394365992657404352e-01
6.000000000000008882e+00,3.032542966334532131e-01,8.105066843770615259e-01,1.380143223902671821e+02,1.000000000000000000e+00,0.000000000000000000e+00,8.101410009093445996e-01
6.999999999999997335e+00,2.990712611661114906e-01,7.819969908120619762e-01,1.317408998264194793e+02,1.000000000000000000e+00,0.000000000000000000e+00,7.816656138019103528e-01
8.000000000000010658e+00,2.950905949347314983e-01,7.542616362968088684e-01,1.256799731057236471e+02,1.000000000000000000e+00,0.000000000000000000e+00,7.539239918043759703e-01
9.000000000000000000e+00,2.913019100242721926e-01,7.272473631445792730e-01,1.197742670116928991e+02,1.000000000000000000e+00,0.000000000000000000e+00,7.269392291582402743e-01
1.000000000000001421e+01,2.876956856501563520e-01,7.009065631934355833e-01,1.140894630704972599e+02,1.000000000000000000e+00,0.000000000000000000e+00,7.006357199818551429e-01
1.100000000000000355e+01,2.842630741453192611e-01,6.752145119576479226e-01,1.086175381532141415e+02,1.000000000000000000e+00,0.000000000000000000e+00,6.749265450427315294e-01
1.200000000000001776e+01,2.809957662317361105e-01,6.501242971694903838e-01,1.032217331030273328e+02,1.000000000000000000e+00,0.000000000000000000e+00,6.498623108183105845e-01
1.300000000000000533e+01,2.778862632673976818e-01,6.255878928235183434e-01,9.802067254669687202e+01,1.000000000000000000e+00,0.000000000000000000e+00,6.253664961481982809e-01
1.399999999999999467e+01,2.749275258356922991e-01,6.015943786606485766e-01,9.301172880817523492e+01,1.000000000000000000e+00,0.000000000000000000e+00,6.014026728723774751e-01
1.500000000000000888e+01,2.721128937282305538e-01,5.781016458287009385e-01,8.808458864902695495e+01,1.000000000000000000e+00,0.000000000000000000e+00,5.778812860244838534e-01
1.599999999999999645e+01,2.694364089313631694e-01,5.550651801798595075e-01,8.334586241371512472e+01,1.000000000000000000e+00,0.000000000000000000e+00,5.548853180812871599e-01
1.700000000000001066e+01,2.668924474705318128e-01,5.324837904649902809e-01,7.880015298021891113e+01,1.000000000000000000e+00,0.000000000000000000e+00,5.323311812906231788e-01
1.800000000000000000e+01,2.644756281100414941e-01,5.103179775258317452e-01,7.435051729372815998e+01,1.000000000000000000e+00,0.000000000000000000e+00,5.101359962822070715e-01
1.900000000000001421e+01,2.621812220089365653e-01,4.885313394964034828e-01,7.009487247038488533e+01,1.000000000000000000e+00,0.000000000000000000e+00,4.883876234345321254e-01
2.000000000000000355e+01,2.600046620225800464e-01,4.671238774052640097e-01,6.600345475966132369e+01,1.000000000000000000e+00,0.000000000000000000e+00,4.669518696147892944e-01
2.100000000000001776e+01,2.579416641601878224e-01,4.460569909214849305e-01,6.203813474864548994e+01,1.000000000000000000e+00,0.000000000000000000e+00,4.459175023218538980e-01
2.200000000000000711e+01,2.559884261487910262e-01,4.253189837673654328e-01,5.825138403575702029e+01,1.000000000000000000e+00,0.000000000000000000e+00,4.252141394614483150e-01
2.299999999999999289e+01,2.541411490719533983e-01,4.048921526885203015e-01,5.457131472126022942e+01,1.000000000000000000e+00,0.000000000000000000e+00,4.047549266350154440e-01
2.400000000000000711e+01,2.523965470327740324e-01,3.847462053511978008e-01,5.103776919490303499e+01,1.000000000000000000e+00,0.000000000000000000e+00,3.846516768620956150e-01
2.499999999999999645e+01,2.507514189892190437e-01,3.648806270249731476e-01,4.762669536528254355e+01,1.000000000000000000e+00,0.000000000000000000e+00,3.647476524278110976e-01
2.600000000000001066e+01,2.492027922478409763e-01,3.452600461554533040e-01,4.432182854284403817e+01,1.000000000000000000e+00,0.000000000000000000e+00,3.451734540687589892e-01
2.700000000000000000e+01,2.477480645262987169e-01,3.258884596629243457e-01,4.115103184412726733e+01,1.000000000000000000e+00,0.000000000000000000e+00,3.257557028698319646e-01
2.800000000000001421e+01,2.463844961772024278e-01,3.067346907954460189e-01,3.805603079766688523e+01,1.000000000000000000e+00,0.000000000000000000e+00,3.066466659447976695e-01
2.900000000000000355e+01,2.451100108024829860e-01,2.877901644022682337e-01,3.509334567115069348e+01,1.000000000000000000e+00,0.000000000000000000e+00,2.877557114824713658e-01
3.000000000000001776e+01,2.439221769311790133e-01,2.690472558407249193e-01,3.220425433581773689e+01,1.000000000000000000e+00,0.000000000000000000e+00,2.689497671089802755e-01
3.100000000000000711e+01,2.428192105760179631e-01,2.504703904564855033e-01,2.942620842348368271e+01,1.000000000000000000e+00,0.000000000000000000e+00,2.504385727473088519e-01
3.199999999999999289e+01,2.417991925508225504e-01,2.320797037787457606e-01,2.674150723054836121e+01,1.000000000000000000e+00,0.000000000000000000e+00,2.319694714730544394e-01
3.300000000000000711e+01,2.408603687395674542e-01,2.138250374088135897e-01,2.414120767265317369e+01,1.000000000000000000e+00,0.000000000000000000e+00,2.137867145852313799e-01
3.400000000000000000e+01,2.400014343985216736e-01,1.957359291206171859e-01,2.165050678024860886e+01,1.000000000000000000e+00,0.000000000000000000e+00,1.957624863016773631e-01
3.500000000000001421e+01,2.392205654538280823e-01,1.777850708081845921e-01,1.922729383281402704e+01,1.000000000000000000e+00,0.000000000000000000e+00,1.777002114153310164e-01
3.600000000000000000e+01,2.385168627414322728e-01,1.599232945214058288e-01,1.690744819676448074e+01,1.000000000000000000e+00,0.000000000000000000e+00,1.599378294884786778e-01
3.700000000000001421e+01,2.378890746245669041e-01,1.422125007071756986e-01,1.468064570595948126e+01,1.000000000000000000e+00,0.000000000000000000e+00,1.420860992167634895e-01
3.800000000000000000e+01,2.373359450375182866e-01,1.245867880011665152e-01,1.253678619747245904e+01,1.000000000000000000e+00,0.000000000000000000e+00,1.245411710733409921e-01
3.900000000000001421e+01,2.368569244969054299e-01,1.070363966700131342e-01,1.049652001667136858e+01,1.000000000000000000e+00,0.000000000000000000e+00,1.070979923853976196e-01
4.000000000000000711e+01,2.364509824123496584e-01,8.960080792232459623e-02,8.551815853101009779e+00,1.000000000000000000e+00,1.000000000000000000e+00,8.947566143997918997e-02
4.099999999999999289e+01,2.361173866378093178e-01,7.220492449198238905e-02,6.708629732231253584e+00,1.000000000000000000e+00,1.000000000000000000e+00,7.217599757146943296e-02
4.200000000000000711e+01,2.358558656963083144e-01,5.485422488904197202e-02,4.984050876635521377e+00,1.000000000000000000e+00,1.000000000000000000e+00,5.494438967925591166e-02
4.300000000000000000e+01,2.356657760372291854e-01,3.759620614654496373e-02,3.401366735356690985e+00,1.000000000000000000e+00,1.000000000000000000e+00,3.745340476771516491e-02
4.400000000000001421e+01,2.355465884974333735e-01,2.035524972233322336e-02,2.061508007847021151e+00,1.000000000000000000e+00,1.000000000000000000e+00,2.030069783043638235e-02
4.500000000000000000e+01,2.354984125884427293e-01,3.099146099589939266e-03,1.414417454265356033e+00,1.000000000000000000e+00,1.000000000000000000e+00,3.189573208015869521e-03
4.600000000000001421e+01,2.355211121362411342e-01,1.405779681485393347e-02,1.996480924181700312e+00,1.000000000000000000e+00,1.000000000000000000e+00,1.385879391608716912e-02
4.700000000000000000e+01,2.356139850780102629e-01,3.116360380226258428e-02,3.071361948204571757e+00,1.000000000000000000e+00,1.000000000000000000e+00,3.132143569215110890e-02
4.800000000000001421e+01,2.357774165601844996e-01,4.829751239580277328e-02,4.198370708067724166e+00,1.000000000000000000e+00,1.000000000000000000e+00,4.831392286810921866e-02
4.900000000000000711e+01,2.360114825131002514e-01,6.540094933666462662e-02,5.282884438981201747e+00,1.000000000000000000e+00,1.000000000000000000e+00,6.522904901216521056e-02
4.999999999999999289e+01,2.363162127906184018e-01,8.239778309807242740e-02,6.298082914892980888e+00,1.000000000000000000e+00,1.000000000000000000e+00,8.204624833603531286e-02
5.099999999999998579e+01,2.366911811648877983e-01,9.927224090005891399e-02,7.227438231743681385e+00,1.000000000000000000e+00,1.000000000000000000e+00,9.964401571029134208e-02
5.200000000000002132e+01,2.371364080704524147e-01,1.161163701391122738e-01,8.063368754362480573e+00,1.000000000000000000e+00,1.000000000000000000e+00,1.164082006688038073e-01
5.300000000000001421e+01,2.376523486074803571e-01,1.329508119448570835e-01,8.806147257243292614e+00,1.000000000000000000e+00,1.000000000000000000e+00,1.331392530564207421e-01
5.400000000000000000e+01,2.382393190693594953e-01,1.497680969171935605e-01,9.456225025249883842e+00,1.000000000000000000e+00,1.000000000000000000e+00,1.498868533335103170e-01
5.499999999999998579e+01,2.388978382310125437e-01,1.666088667625347797e-01,1.001735449286471713e+01,1.000000000000000000e+00,0.000000000000000000e+00,1.666864064286363023e-01
5.600000000000002842e+01,2.396286883540761914e-01,1.835113221466334876e-01,1.049651740860427651e+01,1.000000000000000000e+00,0.000000000000000000e+00,1.835852095006672569e-01
5.700000000000001421e+01,2.404328405574606697e-01,2.004305214271762947e-01,1.090212447040344479e+01,1.000000000000000000e+00,0.000000000000000000e+00,2.005819306060746543e-01
5.800000000000000711e+01,2.413108394657526024e-01,2.172191806823913496e-01,1.123742829413537159e+01,1.000000000000000000e+00,0.000000000000000000e+00,2.174756636939532972e-01
5.899999999999999289e+01,2.422625509928187371e-01,2.337144412211590305e-01,1.149978996062202263e+01,1.000000000000000000e+00,0.000000000000000000e+00,2.341457776449297479e-01
5.999999999999998579e+01,2.432872592724216465e-01,2.497320154297970329e-01,1.168411292580539929e+01,1.000000000000000000e+00,0.000000000000000000e+00,2.505004966255632848e-01
6.100000000000002132e+01,2.443833570313375392e-01,2.647706320154586401e-01,1.178304352461062621e+01,1.000000000000000000e+00,0.000000000000000000e+00,2.663824714149848338e-01
6.200000000000001421e+01,2.455459085637005101e-01,2.788171755186210077e-01,1.177507950033270490e+01,1.000000000000000000e+00,0.000000000000000000e+00,2.777610732358749002e-01
6.300000000000000000e+01,2.467731462014195187e-01,2.924004225873270690e-01,1.167282664803522785e+01,1.000000000000000000e+00,0.000000000000000000e+00,2.923824878004429584e-01
6.399999999999998579e+01,2.480646480885209670e-01,3.051701976832905117e-01,1.149930043472013175e+01,1.000000000000000000e+00,0.000000000000000000e+00,3.068902990132255648e-01
6.500000000000002842e+01,2.494156423272685386e-01,3.173472473221537471e-01,1.125800208366762334e+01,1.000000000000000000e+00,0.000000000000000000e+00,3.166979432794087557e-01
6.600000000000001421e+01,2.508275520302876704e-01,3.283534121679607121e-01,1.098026878155861041e+01,1.000000000000000000e+00,0.000000000000000000e+00,3.307116040564623827e-01
6.700000000000000000e+01,2.522905515535607268e-01,3.374362978088655818e-01,1.065672491246420606e+01,1.000000000000000000e+00,0.000000000000000000e+00,3.370848856572151719e-01
6.800000000000000000e+01,2.537992190679602134e-01,3.430328980958673446e-01,1.030113865367325054e+01,1.000000000000000000e+00,0.000000000000000000e+00,3.390869017041263089e-01
6.899999999999998579e+01,2.553295705665221127e-01,3.445087122998395923e-01,9.893613450244863827e+00,1.000000000000000000e+00,1.000000000000000000e+00,3.479531940753516905e-01
7.000000000000002842e+01,2.568697161382674232e-01,3.421292248357987176e-01,9.456323584222447565e+00,1.000000000000000000e+00,1.000000000000000000e+00,3.419493419977119308e-01
7.100000000000001421e+01,2.583972533038207953e-01,3.339630102333335238e-01,8.997433369511378842e+00,1.000000000000000000e+00,1.000000000000000000e+00,3.291462810259485616e-01
7.200000000000000000e+01,2.598819842418775838e-01,3.171047292420228203e-01,8.524075781427406184e+00,1.000000000000000000e+00,1.000000000000000000e+00,3.292364822041527472e-01
7.299999999999998579e+01,2.612738982137337018e-01,2.900005571240942825e-01,8.036171906963453182e+00,1.000000000000000000e+00,1.000000000000000000e+00,3.023991147764831799e-01
7.400000000000002842e+01,2.625268413914924603e-01,2.515514644737787409e-01,7.548392241331337793e+00,1.000000000000000000e+00,1.000000000000000000e+00,2.641924418801777641e-01
7.500000000000001421e+01,2.635790945816660624e-01,2.014628152399962624e-01,7.069879149278755825e+00,1.000000000000000000e+00,1.000000000000000000e+00,2.162999664928512145e-01
7.600000000000000000e+01,2.643804294527459797e-01,1.420778272780142959e-01,6.615568847067724079e+00,1.000000000000000000e+00,1.000000000000000000e+00,1.609561177717794833e-01
7.700000000000000000e+01,2.648902765678679549e-01,7.309266391346559699e-02,6.196813848780038825e+00,1.000000000000000000e+00,1.000000000000000000e+00,9.656463778916482554e-02
7.799999999999998579e+01,2.650562745542058285e-01,6.983167064250328342e-03,5.815914938524665345e+00,1.000000000000000000e+00,1.000000000000000000e+00,1.777134389951348648e-02
7.900000000000002842e+01,2.648256668439975536e-01,1.012433903950638869e-01,5.472708466835878305e+00,1.000000000000000000e+00,1.000000000000000000e+00,7.605997715392989744e-02
8.000000000000001421e+01,2.641203644888301394e-01,2.165961938400418063e-01,5.162951387479192356e+00,1.000000000000000000e+00,1.000000000000000000e+00,1.973971129517970990e-01
8.100000000000000000e+01,2.628287495788833583e-01,3.532329910228669823e-01,4.881197392686793535e+00,1.000000000000000000e+00,1.000000000000000000e+00,3.569530807240116066e-01
8.199999999999998579e+01,2.608796446267554470e-01,4.929348021899604970e-01,4.627120590961510516e+00,1.000000000000000000e+00,1.000000000000000000e+00,5.321719851893681463e-01
8.300000000000002842e+01,2.583398794696944445e-01,6.007477873237084820e-01,4.405715618369993258e+00,1.000000000000000000e+00,1.000000000000000000e+00,5.899215883768244018e-01
8.400000000000001421e+01,2.554622434747750859e-01,6.634724309927695352e-01,4.223006541968219452e+00,1.000000000000000000e+00,1.000000000000000000e+00,6.806493824576224094e-01
8.500000000000000000e+01,2.524234871229815158e-01,7.007664619976019527e-01,4.075322137024276259e+00,1.000000000000000000e+00,1.000000000000000000e+00,6.951849445171326414e-01
8.600000000000000000e+01,2.492876206491660973e-01,7.386769278862904686e-01,3.955194661025519753e+00,1.000000000000000000e+00,1.000000000000000000e+00,7.205625136818356591e-01
8.699999999999998579e+01,2.459956833529267362e-01,7.899497385173831487e-01,3.854444880163125475e+00,1.000000000000000000e+00,1.000000000000000000e+00,7.598411643473973465e-01
8.800000000000002842e+01,2.425044255380260361e-01,8.497228218398269473e-01,3.768039699697390166e+00,1.000000000000000000e+00,1.000000000000000000e+00,8.114631778112860738e-01
8.900000000000001421e+01,2.388027785167243511e-01,9.088125320149507136e-01,3.693042640920216169e+00,1.000000000000000000e+00,1.000000000000000000e+00,8.727471136290404496e-01
9.000000000000000000e+01,2.349287555797724414e-01,9.540858475641089687e-01,3.627964837841996637e+00,1.000000000000000000e+00,1.000000000000000000e+00,9.362419855570480731e-01
9.099999999999998579e+01,2.309787397205219084e-01,9.788961679410677075e-01,3.572244016966467761e+00,1.000000000000000000e+00,1.000000000000000000e+00,9.854947591614903191e-01
9.200000000000002842e+01,2.270362299833050823e-01,9.936784036651050700e-01,3.525033455140428984e+00,1.000000000000000000e+00,1.000000000000000000e+00,1.018679584445423725e+00
9.300000000000001421e+01,2.231037792783677753e-01,1.003359630794745216e+00,3.484701384858440498e+00,1.000000000000000000e+00,1.000000000000000000e+00,9.837326528534985348e-01
9.400000000000000000e+01,2.192222748365898477e-01,9.957911708133632134e-01,3.450342624489639132e+00,1.000000000000000000e+00,1.000000000000000000e+00,1.001872749012563846e+00
9.500000000000000000e+01,2.154836855268532358e-01,9.882775778786710985e-01,3.421628506206511933e+00,1.000000000000000000e+00,1.000000000000000000e+00,1.008406268379222315e+00
9.599999999999998579e+01,2.117886489529862137e-01,9.759044104236066497e-01,3.396741992481001393e+00,1.000000000000000000e+00,1.000000000000000000e+00,9.738103907451201025e-01
9.700000000000002842e+01,2.082690013617243263e-01,9.571565971310211918e-01,3.375968398842851048e+00,1.000000000000000000e+00,1.000000000000000000e+00,9.707001888368675946e-01
9.800000000000001421e+01,2.048301591540736266e-01,9.378518515454302706e-01,3.357952113270843419e+00,1.000000000000000000e+00,1.000000000000000000e+00,9.373627910808637331e-01
9.900000000000000000e+01,2.015634343671734996e-01,9.165009212247809955e-01,3.342795119954673932e+00,1.000000000000000000e+00,1.000000000000000000e+00,9.050987463088145946e-01
9.999999999999998579e+01,1.983817584218498797e-01,8.965040504385415332e-01,3.329507806499210520e+00,1.000000000000000000e+00,1.000000000000000000e+00,8.964033400189731493e-01
1.010000000000000284e+02,1.953552964739557196e-01,8.712005247278828968e-01,3.318161283125954597e+00,1.000000000000000000e+00,1.000000000000000000e+00,8.654074366161229603e-01
1.020000000000000142e+02,1.924408797657659320e-01,8.500548957917325454e-01,3.308209514673182028e+00,1.000000000000000000e+00,1.000000000000000000e+00,8.534362045639670713e-01
1.030000000000000000e+02,1.896450918695133936e-01,8.240899975798221533e-01,3.299447838656873078e+00,1.000000000000000000e+00,1.000000000000000000e+00,8.237105019114379090e-01
1.040000000000000000e+02,1.869855172721257841e-01,8.017180618984918183e-01,3.291750519015953724e+00,1.000000000000000000e+00,1.000000000000000000e+00,7.948274709591476306e-01
1.049999999999999858e+02,1.844122573471637383e-01,7.804294774279271207e-01,3.284712743312732997e+00,1.000000000000000000e+00,1.000000000000000000e+00,7.803820651559363331e-01
1.060000000000000284e+02,1.819617349671869000e-01,7.531357910701844682e-01,3.278354598846842105e+00,1.000000000000000000e+00,1.000000000000000000e+00,7.526743564493614258e-01
1.070000000000000142e+02,1.796285927780230107e-01,7.312617043713053322e-01,3.272520361831809499e+00,1.000000000000000000e+00,1.000000000000000000e+00,7.362095214494094320e-01
1.080000000000000000e+02,1.773765626551954411e-01,7.099243259912311199e-01,3.266960114705430573e+00,1.000000000000000000e+00,1.000000000000000000e+00,7.096352286974733081e-01
1.089999999999999858e+02,1.752330181734091108e-01,6.839822257226602087e-01,3.261689818058961965e+00,1.000000000000000000e+00,1.000000000000000000e+00,6.837112182004355665e-01
1.100000000000000284e+02,1.731927895811950779e-01,6.619154850091474307e-01,3.256606573691790629e+00,1.000000000000000000e+00,1.000000000000000000e+00,6.583986761830205037e-01
1.110000000000000142e+02,1.712313625439731424e-01,6.413357254797478202e-01,3.251557481719358655e+00,1.000000000000000000e+00,1.000000000000000000e+00,6.420397883344046708e-01
1.120000000000000000e+02,1.693594604579932439e-01,6.178913163550159293e-01,3.246521267063970928e+00,1.000000000000000000e+00,1.000000000000000000e+00,6.176626728332816896e-01
1.130000000000000000e+02,1.675785371230127385e-01,5.949445173378803409e-01,3.241449097452087980e+00,1.000000000000000000e+00,1.000000000000000000e+00,5.938055867582476832e-01
1.139999999999999858e+02,1.658792763071842147e-01,5.761456831611616591e-01,3.236266295466152076e+00,1.000000000000000000e+00,1.000000000000000000e+00,5.797456380359711225e-01
1.150000000000000284e+02,1.642424928355461500e-01,5.568513840295534756e-01,3.230880874124760549e+00,1.000000000000000000e+00,1.000000000000000000e+00,5.566574789993994354e-01
1.160000000000000142e+02,1.626867668333911165e-01,5.341956715588547233e-01,3.225311964548779553e+00,1.000000000000000000e+00,1.000000000000000000e+00,5.340136742432288752e-01
1.170000000000000000e+02,1.612088813758239259e-01,5.133017056330568817e-01,3.219519022046219536e+00,1.000000000000000000e+00,1.000000000000000000e+00,5.117881078151187424e-01
1.179999999999999858e+02,1.597982890265916278e-01,4.965962854067779153e-01,3.213448663907882974e+00,1.000000000000000000e+00,1.000000000000000000e+00,5.003577675744783626e-01
1.190000000000000284e+02,1.584388610560255040e-01,4.788766367840557869e-01,3.207042137276140625e+00,1.000000000000000000e+00,1.000000000000000000e+00,4.787216543190079276e-01
1.200000000000000142e+02,1.571498332567881351e-01,4.575894491722337643e-01,3.200325775646640558e+00,1.000000000000000000e+00,1.000000000000000000e+00,4.574441324435627454e-01
1.210000000000000000e+02,1.559287248383635083e-01,4.366398829501572099e-01,3.193275180248106082e+00,1.000000000000000000e+00,1.000000000000000000e+00,4.365037089158695371e-01
1.220000000000000000e+02,1.547732288806684398e-01,4.211935158905883436e-01,3.185869113731587987e+00,1.000000000000000000e+00,1.000000000000000000e+00,4.158799710706382324e-01
1.229999999999999858e+02,1.536531826957488744e-01,4.064281976341712621e-01,3.178037333003218556e+00,1.000000000000000000e+00,1.000000000000000000e+00,4.066939926815160700e-01
1.240000000000000284e+02,1.525933480365818939e-01,3.866109730881081563e-01,3.169818997453762499e+00,1.000000000000000000e+00,1.000000000000000000e+00,3.864952482120046495e-01
1.250000000000000142e+02,1.515938944454607307e-01,3.666752923943783493e-01,3.161204101284660339e+00,1.000000000000000000e+00,1.000000000000000000e+00,3.665672110355479019e-01
1.260000000000000000e+02,1.506530398308684182e-01,3.481221168199631899e-01,3.152180716691135309e+00,1.000000000000000000e+00,1.000000000000000000e+00,3.468925697938077812e-01
1.269999999999999858e+02,1.497631957246479961e-01,3.345693159937899730e-01,3.142730130488397666e+00,1.000000000000000000e+00,1.000000000000000000e+00,3.393460994375857576e-01
1.280000000000000284e+02,1.489040045483237817e-01,3.200868333944024702e-01,3.132819753154020948e+00,1.000000000000000000e+00,1.000000000000000000e+00,3.199956019368285220e-01
1.290000000000000284e+02,1.480994706928684401e-01,3.009447563552574700e-01,3.122482568061445640e+00,1.000000000000000000e+00,1.000000000000000000e+00,3.008600698480589641e-01
1.300000000000000000e+02,1.473482264612543391e-01,2.820028778293410809e-01,3.111713247323442566e+00,1.000000000000000000e+00,1.000000000000000000e+00,2.819244695314295779e-01
1.310000000000000000e+02,1.466490104928938332e-01,2.633791451853719212e-01,3.100507931408078566e+00,1.000000000000000000e+00,1.000000000000000000e+00,2.631743211579666841e-01
1.319999999999999716e+02,1.459999843619534665e-01,2.506962595339022326e-01,3.088863434645309436e+00,1.000000000000000000e+00,1.000000000000000000e+00,2.564969067185231544e-01
1.330000000000000284e+02,1.453713718855617620e-01,2.380409094128987935e-01,3.076751584898832270e+00,1.000000000000000000e+00,1.000000000000000000e+00,2.379763810381791966e-01
1.340000000000000000e+02,1.447920652495749139e-01,2.196680689182105850e-01,3.064205576267728048e+00,1.000000000000000000e+00,1.000000000000000000e+00,2.196090834354852694e-01
1.350000000000000000e+02,1.442611262919647197e-01,2.014356813790397494e-01,3.051226350451218039e+00,1.000000000000000000e+00,1.000000000000000000e+00,2.013820624977575302e-01
1.360000000000000000e+02,1.437777029870108969e-01,1.833311446164035963e-01,3.037815978516204218e+00,1.000000000000000000e+00,1.000000000000000000e+00,1.832827336553550790e-01
1.370000000000000284e+02,1.433410260303771278e-01,1.676831229906296239e-01,3.023977613726732905e+00,1.000000000000000000e+00,1.000000000000000000e+00,1.652988426833643942e-01
1.380000000000000284e+02,1.429386928155211567e-01,1.552012727543906623e-01,3.009709234588734628e+00,1.000000000000000000e+00,1.000000000000000000e+00,1.582542737308731129e-01
1.390000000000000000e+02,1.425666490260202035e-01,1.404478385132919838e-01,2.995017319852906201e+00,1.000000000000000000e+00,1.000000000000000000e+00,1.404113451209011987e-01
1.400000000000000000e+02,1.422397520603747578e-01,1.226873687831976922e-01,2.979917346216493179e+00,1.000000000000000000e+00,1.000000000000000000e+00,1.226556647552711765e-01
1.409999999999999716e+02,1.419574934803599087e-01,1.050028558562363101e-01,2.964416312060324188e+00,1.000000000000000000e+00,1.000000000000000000e+00,1.049758504581471963e-01
1.420000000000000284e+02,1.417194365204761386e-01,8.738309287556768334e-02,2.948522168426846335e+00,1.000000000000000000e+00,1.000000000000000000e+00,8.736070923579984659e-02
1.430000000000000000e+02,1.415252144263358935e-01,7.214577814029049518e-02,2.932243804711659685e+00,1.000000000000000000e+00,1.000000000000000000e+00,6.979920841240223883e-02
1.440000000000000000e+02,1.413630246937052637e-01,5.943450055075779476e-02,2.915590319663376562e+00,1.000000000000000000e+00,1.000000000000000000e+00,6.191084295878415689e-02
1.450000000000000000e+02,1.412319348570406918e-01,4.441909001390685618e-02,2.898575027650278191e+00,1.000000000000000000e+00,1.000000000000000000e+00,4.440778840837053543e-02
1.460000000000000284e+02,1.411440419316042361e-01,2.693869132088325818e-02,2.881211180825818285e+00,1.000000000000000000e+00,1.000000000000000000e+00,2.693184750552364212e-02
1.470000000000000284e+02,1.410992117905359722e-01,9.474734898563328192e-03,2.863511259112392793e+00,1.000000000000000000e+00,1.000000000000000000e+00,9.472329662158218699e-03
1.480000000000000000e+02,1.410973760990604509e-01,7.983442214454529104e-03,2.845488670977233348e+00,1.000000000000000000e+00,1.000000000000000000e+00,7.981415617769256274e-03
1.490000000000000000e+02,1.411385320601359628e-01,2.417452564424970446e-02,2.827157760149810350e+00,1.000000000000000000e+00,1.000000000000000000e+00,2.544002475172682520e-02
1.499999999999999716e+02,1.412164758684213151e-01,3.716138343986328391e-02,2.808536095978698022e+00,1.000000000000000000e+00,1.000000000000000000e+00,3.394211699860823217e-02
1.510000000000000284e+02,1.413217148234169607e-01,5.144074952490870073e-02,2.789645295384196810e+00,1.000000000000000000e+00,1.000000000000000000e+00,5.142765084829838129e-02
1.520000000000000000e+02,1.414702360928721259e-01,6.896221005326846898e-02,2.770497797086278080e+00,1.000000000000000000e+00,1.000000000000000000e+00,6.894460548629907648e-02
1.530000000000000000e+02,1.416622669625320075e-01,8.652593201728216166e-02,2.751111722109469415e+00,1.000000000000000000e+00,1.000000000000000000e+00,8.650377187059940520e-02
1.540000000000000000e+02,1.418981021515864638e-01,1.041428231349036948e-01,2.731506202441728259e+00,1.000000000000000000e+00,1.000000000000000000e+00,1.041160446292342667e-01
1.550000000000000284e+02,1.421781049206202463e-01,1.218239224195977882e-01,2.711701404317599540e+00,1.000000000000000000e+00,1.000000000000000000e+00,1.217924493477201831e-01
1.560000000000000284e+02,1.425027084444342729e-01,1.355096277825925677e-01,2.691718554273570874e+00,1.000000000000000000e+00,1.000000000000000000e+00,1.395441705458878856e-01
1.570000000000000000e+02,1.428521681463385540e-01,1.491659948763828236e-01,2.671595812137311121e+00,1.000000000000000000e+00,1.000000000000000000e+00,1.490148519013443085e-01
1.580000000000000000e+02,1.432465218967647891e-01,1.669478379846214000e-01,2.651343473380477267e+00,1.000000000000000000e+00,1.000000000000000000e+00,1.669040449181001529e-01
1.589999999999999716e+02,1.436869485553919357e-01,1.849466474641170977e-01,2.630985611179859518e+00,1.000000000000000000e+00,1.000000000000000000e+00,1.848977764102459342e-01
1.600000000000000284e+02,1.441741441281230718e-01,2.030621224843230377e-01,2.610547888854807930e+00,1.000000000000000000e+00,1.000000000000000000e+00,2.030080300010529692e-01
1.610000000000000000e+02,1.447088844802651708e-01,2.213065621756825363e-01,2.590057189420872152e+00,1.000000000000000000e+00,1.000000000000000000e+00,2.212470880444492027e-01
1.620000000000000000e+02,1.452920284125420736e-01,2.367940034633995994e-01,2.569541656106694383e+00,1.000000000000000000e+00,1.000000000000000000e+00,2.396275664269264249e-01
1.630000000000000000e+02,1.459098204434897683e-01,2.512578690694616812e-01,2.549046040812327441e+00,1.000000000000000000e+00,1.000000000000000000e+00,2.500340028668990300e-01
1.640000000000000284e+02,1.465717383972039711e-01,2.687357254228703862e-01,2.528593469522101511e+00,1.000000000000000000e+00,1.000000000000000000e+00,2.686616036857703005e-01
1.650000000000000284e+02,1.472847581013558282e-01,2.875449616646106876e-01,2.508210050500833788e+00,1.000000000000000000e+00,1.000000000000000000e+00,2.874647361430437420e-01
1.660000000000000000e+02,1.480500668354222116e-01,3.065440973411152070e-01,2.487929241179158257e+00,1.000000000000000000e+00,1.000000000000000000e+00,3.064575177492127600e-01
1.670000000000000000e+02,1.488689541620445145e-01,3.257477933542007875e-01,2.467785976966104577e+00,1.000000000000000000e+00,1.000000000000000000e+00,3.256545858694099849e-01
1.679999999999999716e+02,1.497428174613618101e-01,3.425957050435149975e-01,2.447816723683192031e+00,1.000000000000000000e+00,1.000000000000000000e+00,3.450711462854991751e-01
1.690000000000000284e+02,1.506597054725023477e-01,3.583238861122188812e-01,2.428075257992059033e+00,1.000000000000000000e+00,1.000000000000000000e+00,3.568996545028428891e-01
1.700000000000000000e+02,1.516272484475255644e-01,3.768133932444267531e-01,2.408594444993636952e+00,1.000000000000000000e+00,1.000000000000000000e+00,3.767014590123983764e-01
1.710000000000000000e+02,1.526540994219827696e-01,3.968851674002604746e-01,2.389407381631976079e+00,1.000000000000000000e+00,1.000000000000000000e+00,3.967653946536906506e-01
1.720000000000000000e+02,1.537421039680651191e-01,4.172371955050674375e-01,2.370556929730455398e+00,1.000000000000000000e+00,1.000000000000000000e+00,4.171091765989236033e-01
1.730000000000000284e+02,1.548932494897826972e-01,4.378880725612852576e-01,2.352087738338048961e+00,1.000000000000000000e+00,1.000000000000000000e+00,4.377513637680884306e-01
1.740000000000000284e+02,1.561096747402316298e-01,4.550709921270688629e-01,2.334046305334549043e+00,1.000000000000000000e+00,1.000000000000000000e+00,4.587114328821062514e-01
1.750000000000000000e+02,1.573730476588066640e-01,4.723778656221013228e-01,2.316504093402262487e+00,1.000000000000000000e+00,1.000000000000000000e+00,4.720217629025151296e-01
1.760000000000000000e+02,1.587046143672433685e-01,4.937051631664552409e-01,2.299489250202898294e+00,1.000000000000000000e+00,1.000000000000000000e+00,4.935432145337691479e-01
1.769999999999999716e+02,1.601080933531778827e-01,5.156112997555110100e-01,2.283052489797861018e+00,1.000000000000000000e+00,1.000000000000000000e+00,5.154386956096858041e-01
1.780000000000000284e+02,1.615862766054317612e-01,5.379156591729903347e-01,2.267247873672949776e+00,1.000000000000000000e+00,1.000000000000000000e+00,5.377317415658372513e-01
1.790000000000000000e+02,1.631421663418758938e-01,5.578928368438328400e-01,2.252131607069216113e+00,1.000000000000000000e+00,1.000000000000000000e+00,5.604472441708351349e-01
